record_id,target,sample_type,is_synthetic,observation_date,latitude,longitude,country,region,haedat_row_id,source_event_id,matched_positive_record_id,synthetic_method,date_source,copernicus_date,date_difference_hours,area_buffer_degrees,surface_depth_m,thetao_valid_cells,thetao_mean,thetao_p95,thetao_variance,so_valid_cells,so_mean,so_p95,so_variance
non_event_7_1,0,synthetic_non_event,True,2006-04-25,59.256572,10.49964,NORWAY,Region 12 (EUR),,,event_7,same_location_and_month_outside_spatiotemporal_exclusion,synthetic,2006-04-25,0.0,1.0,0.49402499198913574,254,6.908690074590717,7.5327311139553785,0.09012463544539573,254,31.09409574485259,33.42440562089905,5.015275058150146
event_23,1,haedat_event,False,2026-02-13,11.2242,125.5655,PHILIPPINES,,23,14801,,not_applicable,Event Date,2026-02-13,0.0,1.0,0.49402499198913574,391,28.082364767332518,28.5661488622427,0.15706887431029606,391,33.84450792854228,34.11206393502653,0.31378147468164175
non_event_89_1,0,synthetic_non_event,True,2000-06-27,58.424444,8.756944,NORWAY,,,,event_89,same_location_and_month_outside_spatiotemporal_exclusion,synthetic,2000-06-27,0.0,1.0,0.49402499198913574,313,13.195018157981837,13.865114298462867,0.14915450637305488,313,30.440136355261643,33.59660631045699,2.618112948864151
event_53,1,haedat_event,False,2025-02-15,-16.994,-142.251,FRENCH POLYNESIA,,53,14621,,not_applicable,Event Date,2025-02-15,0.0,1.0,0.49402499198913574,559,29.210604131634952,29.33104036822915,0.004621220012612756,559,35.871442355971936,35.99063078407198,0.0044970503733359965
event_99,1,haedat_event,False,2025-02-25,12.1951,123.4534,PHILIPPINES,,99,14435,,not_applicable,Start Date,2025-02-25,0.0,1.0,0.49402499198913574,425,27.367620214556947,27.84937894195318,0.04850578848299794,425,34.00572667687255,34.41724902950227,0.17122753927628465
non_event_82_1,0,synthetic_non_event,True,2008-03-26,62.733333,7.098611,NORWAY,,,,event_82,same_location_and_month_outside_spatiotemporal_exclusion,synthetic,2008-03-26,0.0,1.0,0.49402499198913574,265,5.4599298449338605,5.977129442989826,0.08609195402948094,265,33.34559444935535,34.148075776174664,0.15468234679249832
event_6,1,haedat_event,False,2026-05-25,58.424515,8.756882,NORWAY,Region 12 (EUR),6,14814,,not_applicable,Start Date,2026-05-25,0.0,1.0,0.49402499198913574,313,11.995335356591228,12.90927458256483,0.3853024698098453,313,29.36571419206314,33.74950404278934,4.144920595438222
event_4,1,haedat_event,False,2026-04-06,59.15,10.69,NORWAY,Region 12 (EUR),4,14812,,not_applicable,Event Date,2026-04-06,0.0,1.0,0.49402499198913574,280,5.197024024065052,5.574724584817886,0.13018726228093677,280,30.093016029069467,32.52418588846922,6.617927031212054
non_event_4_1,0,synthetic_non_event,True,1999-04-03,59.15,10.69,NORWAY,Region 12 (EUR),,,event_4,same_location_and_month_outside_spatiotemporal_exclusion,synthetic,1999-04-03,0.0,1.0,0.49402499198913574,280,5.770512158370444,6.1343119740486145,0.07994183390158649,280,27.342633460315742,32.91062651434913,21.27873464915992
non_event_46_1,0,synthetic_non_event,True,2016-04-19,-23.158,-134.942,FRENCH POLYNESIA,,,,event_46,same_location_and_month_outside_spatiotemporal_exclusion,synthetic,2016-04-19,0.0,1.0,0.49402499198913574,576,28.149732702062465,28.46067689359188,0.08599653198291064,576,35.9553845548362,36.16367073263973,0.010370857270662179
non_event_92_1,0,synthetic_non_event,True,2018-06-23,65.03,10.52,NORWAY,,,,event_92,same_location_and_month_outside_spatiotemporal_exclusion,synthetic,2018-06-23,0.0,1.0,0.49402499198913574,467,9.978754879910761,10.430024119466543,0.0652498304005492,467,33.719417497683196,34.81719409581274,0.5754004466811896
event_93,1,haedat_event,False,2025-03-24,62.503611,6.475,NORWAY,,93,14674,,not_applicable,Start Date,2025-03-24,0.0,1.0,0.49402499198913574,289,6.400708782219144,7.990618622303009,0.7099671342132335,289,34.0339724549695,34.825281500816345,0.20327700653508252
event_1,1,haedat_event,False,2026-04-20,60.517717,4.890717,NORWAY,Region 12 (EUR),1,14819,,not_applicable,Start Date,2026-04-20,0.0,1.0,0.49402499198913574,407,6.860889448507412,8.244337302446365,0.37880327653292994,407,32.92664854434898,34.92156739812344,1.1925234469566517
event_0,1,haedat_event,False,2026-05-04,58.27608,5.54725,NORWAY,Region 12 (EUR),0,14822,,not_applicable,Start Date,2026-05-04,0.0,1.0,0.49402499198913574,472,7.744199555809215,8.337504208087921,0.19026007401366912,472,32.79950616445187,34.77347633102909,1.3846019986775644
non_event_64_1,0,synthetic_non_event,True,1995-03-03,-9.276,-139.746,FRENCH POLYNESIA,,,,event_64,same_location_and_month_outside_spatiotemporal_exclusion,synthetic,1995-03-03,0.0,1.0,0.49402499198913574,575,28.61507995803719,28.811957144737242,0.020337681141899464,575,35.42521435953677,35.57237461209297,0.006677082055128465
non_event_51_1,0,synthetic_non_event,True,1993-02-22,-16.994,-142.251,FRENCH POLYNESIA,,,,event_51,same_location_and_month_outside_spatiotemporal_exclusion,synthetic,1993-02-22,0.0,1.0,0.49402499198913574,559,27.905239148128757,28.17744071111083,0.019787031965314686,559,35.742680451621126,35.89754933025688,0.006027329446883377
event_81,1,haedat_event,False,2025-08-18,70.77,20.75,NORWAY,,81,14702,,not_applicable,Start Date,2025-08-18,0.0,1.0,0.49402499198913574,558,12.747512831202437,14.020758696645498,0.6445219142081807,558,34.2514399987375,34.87807852216065,0.5453221531308658
non_event_23_1,0,synthetic_non_event,True,2001-02-20,11.2242,125.5655,PHILIPPINES,,,,event_23,same_location_and_month_outside_spatiotemporal_exclusion,synthetic,2001-02-20,0.0,1.0,0.49402499198913574,391,27.70556061448115,28.242042291909456,0.08729381420862961,391,33.8134391492952,34.221167606301606,0.15664064118335477
non_event_15_1,0,synthetic_non_event,True,2005-01-15,11.2242,125.5655,PHILIPPINES,,,,event_15,same_location_and_month_outside_spatiotemporal_exclusion,synthetic,2005-01-15,0.0,1.0,0.49402499198913574,391,27.54152495309215,27.894131284207106,0.12303099427836729,391,34.09701542192808,34.42335273139179,0.020632344120298657
non_event_72_1,0,synthetic_non_event,True,2011-01-05,52.05,-6.17,IRELAND,ICES: NEA,,,event_72,same_location_and_month_outside_spatiotemporal_exclusion,synthetic,2011-01-05,0.0,1.0,0.49402499198913574,458,9.375505615237238,9.90599689744413,0.22602590459462327,458,35.088566281043775,35.543382028117776,0.1552497919390734
non_event_9_1,0,synthetic_non_event,True,1996-03-18,58.29705,6.66069,NORWAY,Region 12 (EUR),,,event_9,same_location_and_month_outside_spatiotemporal_exclusion,synthetic,1996-03-18,0.0,1.0,0.49402499198913574,290,4.851529360691021,6.1906003128737215,1.2552035599331859,290,34.18370350504872,35.07797475904226,1.478894730319565
non_event_55_1,0,synthetic_non_event,True,1999-05-16,-17.178,-150.244,FRENCH POLYNESIA,,,,event_55,same_location_and_month_outside_spatiotemporal_exclusion,synthetic,1999-05-16,0.0,1.0,0.49402499198913574,571,28.42465500431804,28.60789818316698,0.01386246506372259,571,35.419220866345114,35.69063383620232,0.02190815938343116
event_70,1,haedat_event,False,2025-03-22,-9.276,-139.746,FRENCH POLYNESIA,,70,14635,,not_applicable,Event Date,2025-03-22,0.0,1.0,0.49402499198913574,575,29.155841619916583,29.268050164729356,0.00448052992302873,575,35.46538467932007,35.51133759319782,0.0007841341006353011
event_83,1,haedat_event,False,2025-06-02,58.857222,9.436111,NORWAY,,83,14677,,not_applicable,Start Date,2025-06-02,0.0,1.0,0.49402499198913574,291,12.319033269799247,12.60289316251874,0.05055826122091615,291,27.858076739537807,29.003265453502536,1.3505634072550095
non_event_57_1,0,synthetic_non_event,True,1999-03-11,-23.158,-134.942,FRENCH POLYNESIA,,,,event_57,same_location_and_month_outside_spatiotemporal_exclusion,synthetic,1999-03-11,0.0,1.0,0.49402499198913574,576,27.004107277141884,27.256172362715006,0.01787867953059892,576,35.72487178898882,35.83216342376545,0.006294094553576091
non_event_93_1,0,synthetic_non_event,True,2005-03-09,62.503611,6.475,NORWAY,,,,event_93,same_location_and_month_outside_spatiotemporal_exclusion,synthetic,2005-03-09,0.0,1.0,0.49402499198913574,289,6.447146759958209,7.550273153185843,0.42033389950079697,289,34.3598605036916,35.04806661978364,0.17467559192493065
event_64,1,haedat_event,False,2025-03-17,-9.276,-139.746,FRENCH POLYNESIA,,64,14633,,not_applicable,Event Date,2025-03-17,0.0,1.0,0.49402499198913574,575,28.789121444471505,28.943284394592048,0.01307931687562827,575,35.4606025615788,35.48844871111214,0.0004307728478776956
event_75,1,haedat_event,False,2025-07-07,67.45,13.42,NORWAY,,75,14686,,not_applicable,Start Date,2025-07-07,0.0,1.0,0.49402499198913574,447,12.882037161080628,14.667360460013152,0.8917446955517918,447,33.48997108819551,34.16013058740646,0.2572511257119567
event_100,1,haedat_event,False,2025-02-25,11.2242,125.5655,PHILIPPINES,,100,14439,,not_applicable,Start Date,2025-02-25,0.0,1.0,0.49402499198913574,391,28.34751332393083,28.657704390585423,0.09379361436308306,391,33.98629021092468,34.15478984825313,0.03843896669280403
non_event_85_1,0,synthetic_non_event,True,2011-04-02,61.88,4.26,NORWAY,,,,event_85,same_location_and_month_outside_spatiotemporal_exclusion,synthetic,2011-04-02,0.0,1.0,0.49402499198913574,544,4.908030691474457,6.737443172559143,0.7274466009361544,544,33.82376219609903,34.689703022595495,0.22337469814620217
non_event_74_1,0,synthetic_non_event,True,1997-03-09,58.424444,8.756944,NORWAY,,,,event_74,same_location_and_month_outside_spatiotemporal_exclusion,synthetic,1997-03-09,0.0,1.0,0.49402499198913574,313,4.783464852660989,6.082308433949947,0.3200621119287469,313,33.10729807581955,34.73677782341838,0.6115043870335053
event_33,1,haedat_event,False,2025-01-19,-23.158,-134.942,FRENCH POLYNESIA,,33,14348,,not_applicable,Event Date,2025-01-19,0.0,1.0,0.49402499198913574,576,27.67996128613595,28.365642255172133,0.14764138789042322,576,36.01565066346666,36.16939295316115,0.013478103114346867
event_40,1,haedat_event,False,2025-04-25,-24.15,-149.06,FRENCH POLYNESIA,,40,14646,,not_applicable,Event Date,2025-04-25,0.0,1.0,0.49402499198913574,576,25.29706335242372,25.653401283547282,0.08590263215972,576,35.925035592663335,35.999633744359016,0.0017076326837334442
non_event_33_1,0,synthetic_non_event,True,2020-01-10,-23.158,-134.942,FRENCH POLYNESIA,,,,event_33,same_location_and_month_outside_spatiotemporal_exclusion,synthetic,2020-01-10,0.0,1.0,0.49402499198913574,576,25.950882997596636,26.39719839580357,0.12242510639525445,576,36.16380054227193,36.23958552489057,0.003161725220562257
non_event_100_1,0,synthetic_non_event,True,2017-02-25,11.2242,125.5655,PHILIPPINES,,,,event_100,same_location_and_month_outside_spatiotemporal_exclusion,synthetic,2017-02-25,0.0,1.0,0.49402499198913574,391,27.225064088926292,27.599322482943535,0.10270306932930233,391,34.05458610802603,34.56526380032301,0.18015252131958698
non_event_50_1,0,synthetic_non_event,True,1997-03-15,-9.276,-139.746,FRENCH POLYNESIA,,,,event_50,same_location_and_month_outside_spatiotemporal_exclusion,synthetic,1997-03-15,0.0,1.0,0.49402499198913574,575,28.50069509850896,28.896481208503246,0.07126670145059909,575,35.63743742045177,35.74266789481044,0.006942918305577175
event_77,1,haedat_event,False,2025-03-24,66.050556,12.955278,NORWAY,,77,14614,,not_applicable,Start Date,2025-03-24,0.0,1.0,0.49402499198913574,213,4.380307495908838,6.6438001781702045,2.697816514375574,213,33.740339893191845,34.55671861767769,0.48004391559460075
non_event_61_1,0,synthetic_non_event,True,2026-01-19,-16.994,-142.251,FRENCH POLYNESIA,,,,event_61,same_location_and_month_outside_spatiotemporal_exclusion,synthetic,2026-01-19,0.0,1.0,0.49402499198913574,559,28.324325652863024,28.47261573448777,0.007494692230464994,559,36.06563343321621,36.2086855340749,0.009514863155049819
event_88,1,haedat_event,False,2025-03-24,63.601111,8.989722,NORWAY,,88,14613,,not_applicable,Start Date,2025-03-24,0.0,1.0,0.49402499198913574,344,6.66599196072148,7.92114628739655,0.7771571650570502,344,34.375170747435455,35.0853754975833,0.32176202358510325
event_87,1,haedat_event,False,2025-08-11,57.93,5.93,NORWAY,,87,14689,,not_applicable,Start Date,2025-08-11,0.0,1.0,0.49402499198913574,449,15.97031365135863,16.971996219456194,0.25838176561565424,449,32.38642234614488,34.554887507110834,1.9633098999363179
non_event_17_1,0,synthetic_non_event,True,2011-01-05,16.357,119.9323,PHILIPPINES,HANA,,,event_17,same_location_and_month_outside_spatiotemporal_exclusion,synthetic,2011-01-05,0.0,1.0,0.49402499198913574,366,27.321792161061627,28.007293917238712,0.1489463442617333,366,33.443179090324115,34.05140839749947,0.09611019330242287
non_event_34_1,0,synthetic_non_event,True,2026-01-07,-16.994,-142.251,FRENCH POLYNESIA,,,,event_34,same_location_and_month_outside_spatiotemporal_exclusion,synthetic,2026-01-07,0.0,1.0,0.49402499198913574,559,28.205706375855986,28.44910427480936,0.04521489075486449,559,35.92670324195196,36.19800405576825,0.05730056679198531
non_event_42_1,0,synthetic_non_event,True,1996-04-03,-16.994,-142.251,FRENCH POLYNESIA,,,,event_42,same_location_and_month_outside_spatiotemporal_exclusion,synthetic,1996-04-03,0.0,1.0,0.49402499198913574,559,27.99181431778482,28.164183470606805,0.009586088923520364,559,36.26405287997161,36.304971431382,0.0005583601896676278
event_2,1,haedat_event,False,2026-04-20,58.424515,8.756882,NORWAY,Region 12 (EUR),2,14810,,not_applicable,Start Date,2026-04-20,0.0,1.0,0.49402499198913574,313,6.631021483494831,6.958311729133129,0.04335650266437206,313,32.03948663128094,34.590594163164496,4.0471145942368905
event_82,1,haedat_event,False,2025-03-24,62.733333,7.098611,NORWAY,,82,14617,,not_applicable,Start Date,2025-03-24,0.0,1.0,0.49402499198913574,265,6.239499256830171,7.235468624532222,0.4248603621799706,265,34.00541038182125,34.554887507110834,0.12324326188938986
event_96,1,haedat_event,False,2025-06-16,60.12,4.45,NORWAY,,96,14685,,not_applicable,Start Date,2025-06-16,0.0,1.0,0.49402499198913574,515,11.819538373131197,12.570958594232795,0.14444132740197194,515,33.36744193412653,35.12680437415838,1.7440605342188362
event_47,1,haedat_event,False,2025-03-31,-16.994,-142.251,FRENCH POLYNESIA,,47,14639,,not_applicable,Event Date,2025-03-31,0.0,1.0,0.49402499198913574,559,28.990165935179522,29.143900868296623,0.011878921844749283,559,36.24490374367691,36.33854179177433,0.0039665217461993555
non_event_63_1,0,synthetic_non_event,True,1998-03-30,-9.276,-139.746,FRENCH POLYNESIA,,,,event_63,same_location_and_month_outside_spatiotemporal_exclusion,synthetic,1998-03-30,0.0,1.0,0.49402499198913574,575,29.614244705309037,29.826099421083928,0.03202152362361741,575,34.531093684875444,34.695425243116915,0.018819797440979273
event_58,1,haedat_event,False,2025-02-22,-17.178,-150.244,FRENCH POLYNESIA,,58,14624,,not_applicable,Event Date,2025-02-22,0.0,1.0,0.49402499198913574,571,29.147373500539416,29.32312997058034,0.01187789009847909,571,35.68808038298191,35.77608566265553,0.0030032249248218117
event_48,1,haedat_event,False,2025-03-28,-9.276,-139.746,FRENCH POLYNESIA,,48,14637,,not_applicable,Event Date,2025-03-28,0.0,1.0,0.49402499198913574,575,29.102898003575593,29.20872218236327,0.007613696372540778,575,35.485622431758955,35.5789360916242,0.0029724546318333246
non_event_43_1,0,synthetic_non_event,True,1998-04-12,-17.178,-150.244,FRENCH POLYNESIA,,,,event_43,same_location_and_month_outside_spatiotemporal_exclusion,synthetic,1998-04-12,0.0,1.0,0.49402499198913574,571,28.81936291268588,29.438856158405542,0.21763240420430544,571,35.61805617080548,35.81118194852024,0.007920353241433606
non_event_44_1,0,synthetic_non_event,True,2001-04-10,-23.158,-134.942,FRENCH POLYNESIA,,,,event_44,same_location_and_month_outside_spatiotemporal_exclusion,synthetic,2001-04-10,0.0,1.0,0.49402499198913574,576,26.81597974046599,27.269905691966414,0.06257643064282292,576,35.854511873913,36.006118927616626,0.010064459118389909
event_66,1,haedat_event,False,2025-03-11,-16.994,-142.251,FRENCH POLYNESIA,,66,14630,,not_applicable,Event Date,2025-03-11,0.0,1.0,0.49402499198913574,559,29.012386904126416,29.102371280640362,0.004196508717080457,559,36.105100035147615,36.254463298246264,0.010766843726807682
event_95,1,haedat_event,False,2025-06-02,67.45,13.42,NORWAY,,95,14683,,not_applicable,Start Date,2025-06-02,0.0,1.0,0.49402499198913574,447,8.28098147072448,9.781444756686687,0.44481966116798843,447,33.772028341339336,34.31867424398661,0.13734255514559715
event_68,1,haedat_event,False,2025-01-11,-9.276,-139.746,FRENCH POLYNESIA,,68,14347,,not_applicable,Event Date,2025-01-11,0.0,1.0,0.49402499198913574,575,28.262296603956948,28.594640942662956,0.039995506438565906,575,35.40913243194961,35.569322761148214,0.006558967228611452
non_event_76_1,0,synthetic_non_event,True,2003-06-04,61.88,4.26,NORWAY,,,,event_76,same_location_and_month_outside_spatiotemporal_exclusion,synthetic,2003-06-04,0.0,1.0,0.49402499198913574,544,10.319097057012293,10.923398550599813,0.12786943837929127,544,33.59512582614758,34.86060667550191,0.4469433457035691
event_101,1,haedat_event,False,2025-01-08,11.2242,125.5655,PHILIPPINES,,101,14454,,not_applicable,Start Date,2025-01-08,0.0,1.0,0.49402499198913574,391,28.76495782844246,29.226081110537052,0.1373274647653679,391,33.799432636455386,34.02584914583713,0.11497074599452221
event_18,1,haedat_event,False,2026-01-15,7.6021,123.0579,PHILIPPINES,,18,14795,,not_applicable,Event Date,2026-01-15,0.0,1.0,0.49402499198913574,379,29.439228178230472,30.199865709990263,0.134354318473627,379,30.46370496860359,32.84768208861351,4.357606853625093
non_event_99_1,0,synthetic_non_event,True,2005-02-17,12.1951,123.4534,PHILIPPINES,,,,event_99,same_location_and_month_outside_spatiotemporal_exclusion,synthetic,2005-02-17,0.0,1.0,0.49402499198913574,425,26.755100373608226,27.198382513225077,0.06661881217411224,425,34.342992110397006,34.49354530312121,0.033464390666343914
event_17,1,haedat_event,False,2026-01-15,16.357,119.9323,PHILIPPINES,HANA,17,14794,,not_applicable,Event Date,2026-01-15,0.0,1.0,0.49402499198913574,366,27.611726005668523,28.551499977707863,0.2832008939202081,366,32.22886761154247,32.48962367651984,0.017645100403488184
event_31,1,haedat_event,False,2025-03-01,-24.15,-149.06,FRENCH POLYNESIA,,31,14629,,not_applicable,Event Date,2025-03-01,0.0,1.0,0.49402499198913574,576,28.14890234428458,28.351908925920725,0.022933044965342375,576,35.731749050319195,35.81804861314595,0.0033425211274678342
non_event_95_1,0,synthetic_non_event,True,1994-06-04,67.45,13.42,NORWAY,,,,event_95,same_location_and_month_outside_spatiotemporal_exclusion,synthetic,1994-06-04,0.0,1.0,0.49402499198913574,447,7.059364453758169,8.198779271543026,0.24877284377929074,447,33.87141149184798,34.10092467907816,0.03152187067560249
event_49,1,haedat_event,False,2025-03-26,-16.994,-142.251,FRENCH POLYNESIA,,49,14636,,not_applicable,Event Date,2025-03-26,0.0,1.0,0.49402499198913574,559,29.09095628804832,29.197515785694122,0.004665748507222397,559,36.19613145313131,36.32923364639282,0.007381332459570626
non_event_49_1,0,synthetic_non_event,True,1995-03-03,-16.994,-142.251,FRENCH POLYNESIA,,,,event_49,same_location_and_month_outside_spatiotemporal_exclusion,synthetic,1995-03-03,0.0,1.0,0.49402499198913574,559,28.89961669872613,28.99118624702096,0.0031411581808837214,559,36.212493523402216,36.396374367177486,0.023815720545488576
event_7,1,haedat_event,False,2026-04-20,59.256572,10.49964,NORWAY,Region 12 (EUR),7,14818,,not_applicable,Event Date,2026-04-20,0.0,1.0,0.49402499198913574,254,6.847822229165261,7.452601715549826,0.17601811002215054,254,28.593818797715244,32.254707450047135,10.08105696281383
non_event_47_1,0,synthetic_non_event,True,2001-03-25,-16.994,-142.251,FRENCH POLYNESIA,,,,event_47,same_location_and_month_outside_spatiotemporal_exclusion,synthetic,2001-03-25,0.0,1.0,0.49402499198913574,559,28.4078727749198,28.72633441463113,0.030774209847910135,559,35.687135672529955,35.88229007553309,0.013302222148685199
non_event_19_1,0,synthetic_non_event,True,2020-01-06,7.6021,123.0579,PHILIPPINES,,,,event_19,same_location_and_month_outside_spatiotemporal_exclusion,synthetic,2020-01-06,0.0,1.0,0.49402499198913574,379,29.267894206288464,29.922782059013844,0.33935238950426105,379,31.851922712930158,34.21796316280961,2.848349755974178
event_9,1,haedat_event,False,2026-03-17,58.29705,6.66069,NORWAY,Region 12 (EUR),9,14809,,not_applicable,Start Date,2026-03-17,0.0,1.0,0.49402499198913574,290,4.734171590209007,6.728434108570219,1.421812844402891,290,31.571461165259624,35.145954738836735,5.824933018362341
non_event_31_1,0,synthetic_non_event,True,1995-03-24,-24.15,-149.06,FRENCH POLYNESIA,,,,event_31,same_location_and_month_outside_spatiotemporal_exclusion,synthetic,1995-03-24,0.0,1.0,0.49402499198913574,576,26.33308663708158,26.843073818832636,0.11158490081393967,576,35.493405319721205,35.726493084803224,0.015665840222139724
non_event_90_1,0,synthetic_non_event,True,1996-03-17,60.12,4.45,NORWAY,,,,event_90,same_location_and_month_outside_spatiotemporal_exclusion,synthetic,1996-03-17,0.0,1.0,0.49402499198913574,515,5.364006780782371,7.245869332551956,1.5647282246826582,515,34.21613797816692,35.15778066124767,0.6267107863181193
non_event_41_1,0,synthetic_non_event,True,2003-04-06,-23.158,-134.942,FRENCH POLYNESIA,,,,event_41,same_location_and_month_outside_spatiotemporal_exclusion,synthetic,2003-04-06,0.0,1.0,0.49402499198913574,576,26.90429013397079,27.498062068596482,0.1406154506250452,576,35.79118331763311,35.85467082448304,0.002106225379220068
event_98,1,haedat_event,False,2025-01-06,7.6021,123.0579,PHILIPPINES,,98,14461,,not_applicable,Start Date,2025-01-06,0.0,1.0,0.49402499198913574,379,29.642010870229914,30.34474317803979,0.18900613709347458,379,28.992918148848148,32.26523633580655,9.040853148182261
event_26,1,haedat_event,False,2026-02-13,7.6021,123.0579,PHILIPPINES,,26,14800,,not_applicable,Event Date,2026-02-13,0.0,1.0,0.49402499198913574,379,28.875847153070733,29.535465551912786,0.17464871897810805,379,30.07082546063475,33.471480421721935,15.837278912500201
non_event_35_1,0,synthetic_non_event,True,2002-05-13,-23.158,-134.942,FRENCH POLYNESIA,,,,event_35,same_location_and_month_outside_spatiotemporal_exclusion,synthetic,2002-05-13,0.0,1.0,0.49402499198913574,576,26.202856527641416,26.727713853120804,0.07627878410515196,576,35.775804849981796,35.95690783113241,0.011033104802699974
event_86,1,haedat_event,False,2025-06-02,59.02,10.42,NORWAY,,86,14687,,not_applicable,Start Date,2025-06-02,0.0,1.0,0.49402499198913574,326,12.463108653282644,13.230597864836454,0.17536639971873988,326,27.583321590159386,30.34302801825106,4.61328537328221
non_event_14_1,0,synthetic_non_event,True,1995-06-30,61.88,4.26,NORWAY,Region 12 (EUR),,,event_14,same_location_and_month_outside_spatiotemporal_exclusion,synthetic,1995-06-30,0.0,1.0,0.49402499198913574,544,11.685762585442076,12.636841952428222,0.2884912237928509,544,32.9435668694821,33.740577378775924,0.3476706957794746
event_73,1,haedat_event,False,2025-06-02,57.93,5.93,NORWAY,,73,14678,,not_applicable,Start Date,2025-06-02,0.0,1.0,0.49402499198913574,449,11.476910241562168,11.94025087058544,0.1337046848551756,449,32.203865244586375,34.78988002985716,3.296653910219768
non_event_78_1,0,synthetic_non_event,True,2001-03-02,59.02,10.42,NORWAY,,,,event_78,same_location_and_month_outside_spatiotemporal_exclusion,synthetic,2001-03-02,0.0,1.0,0.49402499198913574,326,2.7554613791543283,4.045930372551084,0.7996293067511291,326,32.357329214591694,33.79963069455698,2.3487881746634267
event_72,1,haedat_event,False,2025-01-01,52.05,-6.17,IRELAND,ICES: NEA,72,14618,,not_applicable,Event Date,2025-01-01,0.0,1.0,0.49402499198913574,458,10.768606538384113,11.3382915828377,0.2228740963676397,458,34.5142619070235,34.87357704201713,0.05484154102954997
non_event_68_1,0,synthetic_non_event,True,2002-01-01,-9.276,-139.746,FRENCH POLYNESIA,,,,event_68,same_location_and_month_outside_spatiotemporal_exclusion,synthetic,2002-01-01,0.0,1.0,0.49402499198913574,575,27.938389385834984,28.249952689558267,0.046898979613501535,575,35.36682050893812,35.49851981922984,0.00244777410363274
non_event_3_1,0,synthetic_non_event,True,1995-04-21,62.50362,6.47496,NORWAY,Region 12 (EUR),,,event_3,same_location_and_month_outside_spatiotemporal_exclusion,synthetic,1995-04-21,0.0,1.0,0.49402499198913574,289,5.914502673753405,6.392864786088466,0.05482067588316897,289,33.963130440911,34.48255863972008,0.08040014589375064
event_91,1,haedat_event,False,2025-03-31,58.424444,8.756944,NORWAY,,91,14611,,not_applicable,Start Date,2025-03-31,0.0,1.0,0.49402499198913574,313,6.000244259548644,6.7817926704883575,0.18798561085273882,313,30.499077054817743,34.87929926253855,6.634930851060955
event_79,1,haedat_event,False,2025-03-17,59.808056,5.093056,NORWAY,,79,14616,,not_applicable,Start Date,2025-03-17,0.0,1.0,0.49402499198913574,407,4.7347280318672595,5.167192617058754,0.05904938757875602,407,32.17187031751146,32.52769551705569,0.05214197052288427
non_event_84_1,0,synthetic_non_event,True,1999-07-06,70.77,20.75,NORWAY,,,,event_84,same_location_and_month_outside_spatiotemporal_exclusion,synthetic,1999-07-06,0.0,1.0,0.49402499198913574,558,9.653303507955805,11.122733246907591,0.6825668378364208,558,34.03553521756323,35.00190737424418,0.5293104100659698
non_event_37_1,0,synthetic_non_event,True,1994-05-08,-16.994,-142.251,FRENCH POLYNESIA,,,,event_37,same_location_and_month_outside_spatiotemporal_exclusion,synthetic,1994-05-08,0.0,1.0,0.49402499198913574,559,28.6818213287561,29.07549057751894,0.09593510374082914,559,36.04720221892372,36.22699663974345,0.02334640041127651
event_67,1,haedat_event,False,2025-05-29,-23.158,-134.942,FRENCH POLYNESIA,,67,14655,,not_applicable,Event Date,2025-05-29,0.0,1.0,0.49402499198913574,576,26.03075248003006,26.46073793247342,0.053785870756671836,576,36.22837686052662,36.34640030795708,0.0029967284324683183
event_84,1,haedat_event,False,2025-07-07,70.77,20.75,NORWAY,,84,14688,,not_applicable,Start Date,2025-07-07,0.0,1.0,0.49402499198913574,558,10.220790268793222,11.792590114474296,0.6619376899945197,558,34.32407186351596,34.9818414542824,0.6624625097021328
non_event_69_1,0,synthetic_non_event,True,2005-05-26,-23.158,-134.942,FRENCH POLYNESIA,,,,event_69,same_location_and_month_outside_spatiotemporal_exclusion,synthetic,2005-05-26,0.0,1.0,0.49402499198913574,576,24.86756619613152,25.682699052616954,0.4076412618111732,576,35.69658918422647,36.07669298071414,0.07210525436111359
event_85,1,haedat_event,False,2025-04-28,61.88,4.26,NORWAY,,85,14675,,not_applicable,Start Date,2025-04-28,0.0,1.0,0.49402499198913574,544,7.8377995200126485,9.256392112746834,0.5237593214359064,544,33.580121827339205,35.13069548411295,0.5741042608477661
event_29,1,haedat_event,False,2025-03-17,-34.68,135.63,AUSTRALIA,Region 5 (ANZ),29,14542,,not_applicable,Start Date,2025-03-17,0.0,1.0,0.49402499198913574,416,20.85101274513783,22.910763876512647,1.0149741211944854,416,36.08746616127274,37.28560743620619,0.3388564667790644
non_event_26_1,0,synthetic_non_event,True,2002-02-22,7.6021,123.0579,PHILIPPINES,,,,event_26,same_location_and_month_outside_spatiotemporal_exclusion,synthetic,2002-02-22,0.0,1.0,0.49402499198913574,379,27.611234847623315,28.382964561134578,0.2949358549972096,379,32.97931188238308,34.252754263579845,0.9818717996639678
non_event_28_1,0,synthetic_non_event,True,2010-02-16,16.357,119.9323,PHILIPPINES,HANA,,,event_28,same_location_and_month_outside_spatiotemporal_exclusion,synthetic,2010-02-16,0.0,1.0,0.49402499198913574,366,26.819053250380225,27.215521708130836,0.10749996271975944,366,33.51332997010074,33.88851585332304,0.0467382969867789
non_event_65_1,0,synthetic_non_event,True,2002-03-16,-9.276,-139.746,FRENCH POLYNESIA,,,,event_65,same_location_and_month_outside_spatiotemporal_exclusion,synthetic,2002-03-16,0.0,1.0,0.49402499198913574,575,28.363410847912665,28.70480055436492,0.04135274846876697,575,35.55369463052762,35.70757160894573,0.007387909686738474
non_event_58_1,0,synthetic_non_event,True,2015-02-05,-17.178,-150.244,FRENCH POLYNESIA,,,,event_58,same_location_and_month_outside_spatiotemporal_exclusion,synthetic,2015-02-05,0.0,1.0,0.49402499198913574,571,29.14717211044555,29.316537972539663,0.013264393767621315,571,35.26113391845714,35.44343390967697,0.010237904577213897
event_32,1,haedat_event,False,2025-02-25,-9.276,-139.746,FRENCH POLYNESIA,,32,14625,,not_applicable,Event Date,2025-02-25,0.0,1.0,0.49402499198913574,575,28.542229144521382,28.78405101969838,0.03220056019417664,575,35.4335233554568,35.59068571776152,0.012472219169925877
event_44,1,haedat_event,False,2025-04-05,-23.158,-134.942,FRENCH POLYNESIA,,44,14642,,not_applicable,Event Date,2025-04-05,0.0,1.0,0.49402499198913574,576,27.359914949163795,27.708822894841433,0.059879627991986824,576,36.01252993394155,36.19647813029587,0.017330960430627623
non_event_22_1,0,synthetic_non_event,True,2007-02-23,11.2242,125.5655,PHILIPPINES,,,,event_22,same_location_and_month_outside_spatiotemporal_exclusion,synthetic,2007-02-23,0.0,1.0,0.49402499198913574,391,27.965306692435156,28.25632495433092,0.10180871420482643,391,34.10080096593884,34.378337929956615,0.07115884196108511
non_event_20_1,0,synthetic_non_event,True,2008-01-05,16.357,119.9323,PHILIPPINES,HANA,,,event_20,same_location_and_month_outside_spatiotemporal_exclusion,synthetic,2008-01-05,0.0,1.0,0.49402499198913574,366,26.21426244531987,27.12012084759772,0.33301251371953755,366,33.60737450802546,33.872493635863066,0.0166589669319133
event_65,1,haedat_event,False,2025-03-13,-9.276,-139.746,FRENCH POLYNESIA,,65,14631,,not_applicable,Event Date,2025-03-13,0.0,1.0,0.49402499198913574,575,28.79942661628775,28.959691145271062,0.01317168137965371,575,35.4495654762925,35.488906488753855,0.0006017827011191712
non_event_62_1,0,synthetic_non_event,True,2003-03-01,-16.994,-142.251,FRENCH POLYNESIA,,,,event_62,same_location_and_month_outside_spatiotemporal_exclusion,synthetic,2003-03-01,0.0,1.0,0.49402499198913574,559,28.624153465952237,28.894503609091043,0.03297474970948043,559,35.92565502123391,36.06692705769092,0.006912266316792217
non_event_18_1,0,synthetic_non_event,True,2018-01-22,7.6021,123.0579,PHILIPPINES,,,,event_18,same_location_and_month_outside_spatiotemporal_exclusion,synthetic,2018-01-22,0.0,1.0,0.49402499198913574,379,28.8772192781393,29.1436811350286,0.05334040892629316,379,31.378676454686513,33.592028534039855,1.8075536653804711
event_42,1,haedat_event,False,2025-04-14,-16.994,-142.251,FRENCH POLYNESIA,,42,14644,,not_applicable,Event Date,2025-04-14,0.0,1.0,0.49402499198913574,559,28.72414848135121,28.850337222218513,0.008386500013794347,559,36.297276563199375,36.37653733603656,0.002898773353400875
non_event_12_1,0,synthetic_non_event,True,2016-04-11,59.808094,5.093005,NORWAY,Region 12 (EUR),,,event_12,same_location_and_month_outside_spatiotemporal_exclusion,synthetic,2016-04-11,0.0,1.0,0.49402499198913574,407,6.5762745792398585,6.884847573190927,0.046537506362027255,407,32.75376156324873,33.29691454768181,0.09384940510765982
event_69,1,haedat_event,False,2025-05-28,-23.158,-134.942,FRENCH POLYNESIA,,69,14654,,not_applicable,Event Date,2025-05-28,0.0,1.0,0.49402499198913574,576,26.136182485730387,26.58873256109655,0.055255658676863995,576,36.220723390579224,36.338389199227095,0.003140450062049234
event_20,1,haedat_event,False,2026-01-29,16.357,119.9323,PHILIPPINES,HANA,20,14797,,not_applicable,Event Date,2026-01-29,0.0,1.0,0.49402499198913574,366,27.45272357083979,28.204687636345625,0.18056672665543816,366,32.41683161153351,32.647175481542945,0.011201569282428778
non_event_11_1,0,synthetic_non_event,True,1998-04-23,59.02,10.42,NORWAY,Region 12 (EUR),,,event_11,same_location_and_month_outside_spatiotemporal_exclusion,synthetic,1998-04-23,0.0,1.0,0.49402499198913574,326,7.085682881458954,7.445020917803049,0.04365622444459216,326,27.81895537606435,33.56234928360209,26.27330038285483
event_11,1,haedat_event,False,2026-04-13,59.02,10.42,NORWAY,Region 12 (EUR),11,14811,,not_applicable,Event Date,2026-04-13,0.0,1.0,0.49402499198913574,326,5.716407607463789,6.085970655083656,0.07664775119689435,326,30.003972995192086,32.21076079644263,6.24823522363901
event_35,1,haedat_event,False,2025-05-04,-23.158,-134.942,FRENCH POLYNESIA,,35,14652,,not_applicable,Event Date,2025-05-04,0.0,1.0,0.49402499198913574,576,26.752572450670414,26.963011560961604,0.0408379427214798,576,36.129408937267726,36.22737812111154,0.005449425525224035
non_event_2_1,0,synthetic_non_event,True,2007-04-26,58.424515,8.756882,NORWAY,Region 12 (EUR),,,event_2,same_location_and_month_outside_spatiotemporal_exclusion,synthetic,2007-04-26,0.0,1.0,0.49402499198913574,313,8.326770273046181,8.749577330052853,0.055582480051608665,313,30.83364474616897,33.10098571702838,1.4423767059277939
non_event_8_1,0,synthetic_non_event,True,2011-04-14,59.24973,10.73148,NORWAY,Region 12 (EUR),,,event_8,same_location_and_month_outside_spatiotemporal_exclusion,synthetic,2011-04-14,0.0,1.0,0.49402499198913574,258,5.764827928830718,6.388433498516678,0.10111940904938821,258,30.189175695332505,31.720175757072866,2.4540652702197834
non_event_96_1,0,synthetic_non_event,True,1995-06-25,60.12,4.45,NORWAY,,,,event_96,same_location_and_month_outside_spatiotemporal_exclusion,synthetic,1995-06-25,0.0,1.0,0.49402499198913574,515,12.261421264013618,12.968382831662893,0.1402458634734377,515,31.74713426757857,33.023773888126016,0.9990653548432137
event_34,1,haedat_event,False,2025-01-29,-16.994,-142.251,FRENCH POLYNESIA,,34,14349,,not_applicable,Event Date,2025-01-29,0.0,1.0,0.49402499198913574,559,28.28150976735812,28.481991020590065,0.03491320899367462,559,35.84861352819823,35.95553449820727,0.004243509933559388
event_16,1,haedat_event,False,2026-02-26,7.6021,123.0579,PHILIPPINES,,16,14805,,not_applicable,Event Date,2026-02-26,0.0,1.0,0.49402499198913574,379,28.989716140627074,29.391540261358024,0.10650584770354417,379,28.991271437718325,33.363139713183045,13.348871281712233
non_event_25_1,0,synthetic_non_event,True,2009-02-20,11.2242,125.5655,PHILIPPINES,,,,event_25,same_location_and_month_outside_spatiotemporal_exclusion,synthetic,2009-02-20,0.0,1.0,0.49402499198913574,391,28.069257574865734,28.381572917103767,0.1772979439436467,391,33.61981052445615,34.19598983600736,0.07043156876047994
non_event_83_1,0,synthetic_non_event,True,1999-06-29,58.857222,9.436111,NORWAY,,,,event_83,same_location_and_month_outside_spatiotemporal_exclusion,synthetic,1999-06-29,0.0,1.0,0.49402499198913574,291,14.816129447028194,15.571489613503218,0.2155530218252405,291,28.6795227980414,31.4523758366704,6.801740987833793
event_30,1,haedat_event,False,2025-03-20,1.0,1.0,COLOMBIA,,30,14541,,not_applicable,Event Date,2025-03-20,0.0,1.0,0.49402499198913574,625,30.20851030973196,30.421283599734306,0.02805648383572779,625,34.609151858389374,34.77706225588918,0.03823012788647362
non_event_79_1,0,synthetic_non_event,True,1997-03-18,59.808056,5.093056,NORWAY,,,,event_79,same_location_and_month_outside_spatiotemporal_exclusion,synthetic,1997-03-18,0.0,1.0,0.49402499198913574,407,5.377491931456166,6.095785407721996,0.17707015407980384,407,33.7003789905056,34.1224402282387,0.07335827300383647
event_94,1,haedat_event,False,2025-06-02,58.730278,9.216667,NORWAY,,94,14679,,not_applicable,Start Date,2025-06-02,0.0,1.0,0.49402499198913574,298,12.32518619658963,12.537559137493371,0.038770975250798104,298,28.130144211651146,29.92347480962053,1.4106585642943967
event_22,1,haedat_event,False,2026-02-26,11.2242,125.5655,PHILIPPINES,,22,14806,,not_applicable,Event Date,2026-02-26,0.0,1.0,0.49402499198913574,391,28.00489239933927,28.339823596179485,0.047056930068776294,391,33.916351309670205,34.220404643565416,0.35378308419579474
event_76,1,haedat_event,False,2025-06-02,61.88,4.26,NORWAY,,76,14676,,not_applicable,Start Date,2025-06-02,0.0,1.0,0.49402499198913574,544,9.532928584800924,10.455769534036518,0.24826899998362228,544,33.76903925484786,34.61668748874217,0.22739054000914882
event_57,1,haedat_event,False,2025-03-30,-23.158,-134.942,FRENCH POLYNESIA,,57,14638,,not_applicable,Event Date,2025-03-30,0.0,1.0,0.49402499198913574,576,27.321242911275476,27.66066468693316,0.06569705217190419,576,35.961853843036806,36.144596664234996,0.015837732916771072
non_event_16_1,0,synthetic_non_event,True,2009-02-02,7.6021,123.0579,PHILIPPINES,,,,event_16,same_location_and_month_outside_spatiotemporal_exclusion,synthetic,2009-02-02,0.0,1.0,0.49402499198913574,379,28.76887937483813,29.13020416125655,0.12583562460691114,379,32.371019206739625,34.013794334605336,1.2983201094999064
event_24,1,haedat_event,False,2026-02-13,16.357,119.9323,PHILIPPINES,HANA,24,14799,,not_applicable,Event Date,2026-02-13,0.0,1.0,0.49402499198913574,366,27.61056129927518,28.258156064897776,0.1665830542826505,366,32.46151287734631,32.78603469952941,0.024349468569979327
event_62,1,haedat_event,False,2025-03-21,-16.994,-142.251,FRENCH POLYNESIA,,62,14634,,not_applicable,Event Date,2025-03-21,0.0,1.0,0.49402499198913574,559,29.424420193704062,29.673751021921635,0.01505647050830707,559,36.20748444783546,36.3597521558404,0.010444960604983913
non_event_21_1,0,synthetic_non_event,True,2014-01-22,11.2242,125.5655,PHILIPPINES,,,,event_21,same_location_and_month_outside_spatiotemporal_exclusion,synthetic,2014-01-22,0.0,1.0,0.49402499198913574,391,27.439735811422853,27.90401928126812,0.11233370381136411,391,34.32146696078465,34.51948603615165,0.01746989855216572
non_event_70_1,0,synthetic_non_event,True,1993-03-28,-9.276,-139.746,FRENCH POLYNESIA,,,,event_70,same_location_and_month_outside_spatiotemporal_exclusion,synthetic,1993-03-28,0.0,1.0,0.49402499198913574,575,28.991751184437586,29.104715102165937,0.004113255839023703,575,35.668669797642075,35.74327826499939,0.0020083963240539677
event_55,1,haedat_event,False,2025-05-19,-17.178,-150.244,FRENCH POLYNESIA,,55,14653,,not_applicable,Event Date,2025-05-19,0.0,1.0,0.49402499198913574,571,28.72449022012187,28.93456830829382,0.02694223933735089,571,35.593056113372725,35.81499676220119,0.011123137849676293
event_15,1,haedat_event,False,2026-01-15,11.2242,125.5655,PHILIPPINES,,15,14793,,not_applicable,Event Date,2026-01-15,0.0,1.0,0.49402499198913574,391,28.42334097061697,28.76281013712287,0.08193547705106886,391,33.86891102823226,34.10748615860939,0.09661664816245415
non_event_38_1,0,synthetic_non_event,True,1997-04-17,-9.276,-139.746,FRENCH POLYNESIA,,,,event_38,same_location_and_month_outside_spatiotemporal_exclusion,synthetic,1997-04-17,0.0,1.0,0.49402499198913574,575,28.692208245837172,28.917282624542715,0.0123796561117696,575,35.593167005268775,35.78188417945057,0.008336844435099149
event_28,1,haedat_event,False,2026-02-26,16.357,119.9323,PHILIPPINES,HANA,28,14804,,not_applicable,Event Date,2026-02-26,0.0,1.0,0.49402499198913574,366,27.89016487858579,28.862239440903068,0.7795803781818134,366,32.59343038519203,33.272804925218225,0.08912633724475269
non_event_59_1,0,synthetic_non_event,True,1998-02-17,-16.994,-142.251,FRENCH POLYNESIA,,,,event_59,same_location_and_month_outside_spatiotemporal_exclusion,synthetic,1998-02-17,0.0,1.0,0.49402499198913574,559,29.14600490933294,29.56820580884814,0.05511887953249708,559,35.69396548564604,35.85207675117999,0.007069307060783247
event_19,1,haedat_event,False,2026-01-29,7.6021,123.0579,PHILIPPINES,,19,14796,,not_applicable,Event Date,2026-01-29,0.0,1.0,0.49402499198913574,379,29.035736442398584,29.523014000058176,0.13745246632653954,379,31.794191194860396,33.521683369763196,4.244966334730617
non_event_10_1,0,synthetic_non_event,True,2002-04-19,58.4245,8.7568,NORWAY,Region 12 (EUR),,,event_10,same_location_and_month_outside_spatiotemporal_exclusion,synthetic,2002-04-19,0.0,1.0,0.49402499198913574,313,7.5207516727165675,7.899356071650982,0.03396432261908249,313,29.598883404500615,34.53566084615886,18.931605747424033
event_8,1,haedat_event,False,2026-04-20,59.24973,10.73148,NORWAY,Region 12 (EUR),8,14817,,not_applicable,Start Date,2026-04-20,0.0,1.0,0.49402499198913574,258,6.879468934307265,7.604364159330726,0.192800894464288,258,28.403937523686434,32.42431406630203,11.459263417396272
non_event_73_1,0,synthetic_non_event,True,2003-06-17,57.93,5.93,NORWAY,,,,event_73,same_location_and_month_outside_spatiotemporal_exclusion,synthetic,2003-06-17,0.0,1.0,0.49402499198913574,449,14.189068017963047,14.80703757405281,0.15412148433977654,449,31.88836231105909,35.0209051463753,5.590371549985109
non_event_66_1,0,synthetic_non_event,True,1998-03-18,-16.994,-142.251,FRENCH POLYNESIA,,,,event_66,same_location_and_month_outside_spatiotemporal_exclusion,synthetic,1998-03-18,0.0,1.0,0.49402499198913574,559,29.496535158554536,29.758568063378334,0.03225714571676044,559,35.537649571065906,35.72191530838609,0.016061891802139912
non_event_6_1,0,synthetic_non_event,True,1999-05-29,58.424515,8.756882,NORWAY,Region 12 (EUR),,,event_6,same_location_and_month_outside_spatiotemporal_exclusion,synthetic,1999-05-29,0.0,1.0,0.49402499198913574,313,11.419919683815191,12.100363178551197,0.24256177037631552,313,27.714423948047926,33.89355140738189,10.725982142153903
non_event_54_1,0,synthetic_non_event,True,1996-02-19,-17.178,-150.244,FRENCH POLYNESIA,,,,event_54,same_location_and_month_outside_spatiotemporal_exclusion,synthetic,1996-02-19,0.0,1.0,0.49402499198913574,571,28.595255503134112,28.842280335724354,0.026568748823023867,571,35.569688876366634,35.68605605978519,0.004165656147165031
event_25,1,haedat_event,False,2026-02-20,11.2242,125.5655,PHILIPPINES,,25,14802,,not_applicable,Event Date,2026-02-20,0.0,1.0,0.49402499198913574,391,27.902666788348153,28.18601030856371,0.06724279354323141,391,34.023201216340944,34.26160463131964,0.19780377856981096
event_38,1,haedat_event,False,2025-04-29,-9.276,-139.746,FRENCH POLYNESIA,,38,14648,,not_applicable,Event Date,2025-04-29,0.0,1.0,0.49402499198913574,575,28.858434870826162,28.941380039602517,0.0023417629095844406,575,35.2763981461201,35.53575240075588,0.022934381181426516
event_5,1,haedat_event,False,2026-04-06,59.79,10.53,NORWAY,Region 12 (EUR),5,14813,,not_applicable,Start Date,2026-04-06,0.0,1.0,0.49402499198913574,114,5.041280314522354,5.477748969197273,0.23764053992310227,114,28.574948881654755,32.10608230903745,3.9746392078728565
event_43,1,haedat_event,False,2025-04-11,-17.178,-150.244,FRENCH POLYNESIA,,43,14643,,not_applicable,Event Date,2025-04-11,0.0,1.0,0.49402499198913574,571,29.227367698206795,29.37256995588541,0.014745640035049324,571,35.78467600841904,35.89739673770964,0.005024190115290523
non_event_27_1,0,synthetic_non_event,True,2011-02-13,7.6021,123.0579,PHILIPPINES,,,,event_27,same_location_and_month_outside_spatiotemporal_exclusion,synthetic,2011-02-13,0.0,1.0,0.49402499198913574,379,28.590128197243786,28.98891566991806,0.10634415038166202,379,30.380177660292325,33.42295599170029,9.39514770978698
event_21,1,haedat_event,False,2026-01-29,11.2242,125.5655,PHILIPPINES,,21,14798,,not_applicable,Event Date,2026-01-29,0.0,1.0,0.49402499198913574,391,27.88285894882496,28.38230536133051,0.15372924553962156,391,33.98309786556303,34.186071320436895,0.0445295218205486
event_54,1,haedat_event,False,2025-02-02,-17.178,-150.244,FRENCH POLYNESIA,,54,14620,,not_applicable,Event Date,2025-02-02,0.0,1.0,0.49402499198913574,571,28.97073771260457,29.18909267708659,0.017914107186767888,571,35.757321589618215,35.89053007308394,0.006100846881012341
non_event_60_1,0,synthetic_non_event,True,2003-02-26,-16.994,-142.251,FRENCH POLYNESIA,,,,event_60,same_location_and_month_outside_spatiotemporal_exclusion,synthetic,2003-02-26,0.0,1.0,0.49402499198913574,559,28.701982543992017,28.921750534325838,0.019713977424233017,559,35.95141013184552,36.109500378370285,0.007480758831746813
non_event_94_1,0,synthetic_non_event,True,1993-06-29,58.730278,9.216667,NORWAY,,,,event_94,same_location_and_month_outside_spatiotemporal_exclusion,synthetic,1993-06-29,0.0,1.0,0.49402499198913574,298,14.113276725522423,14.654945530369877,0.14589889115289936,298,29.384076028856004,30.87343971244991,0.9765550666510685
event_90,1,haedat_event,False,2025-03-24,60.12,4.45,NORWAY,,90,14612,,not_applicable,Start Date,2025-03-24,0.0,1.0,0.49402499198913574,515,6.327837960971791,8.677211840450763,1.4976621128738787,515,33.34714268090077,35.212713978253305,1.1783544505683825
event_10,1,haedat_event,False,2026-04-13,58.4245,8.7568,NORWAY,Region 12 (EUR),10,14816,,not_applicable,Start Date,2026-04-13,0.0,1.0,0.49402499198913574,313,5.9094281956648675,6.357267996668815,0.060354215361706584,313,32.07761526744539,34.6421704441309,2.662716897804296
event_27,1,haedat_event,False,2026-02-20,7.6021,123.0579,PHILIPPINES,,27,14803,,not_applicable,Event Date,2026-02-20,0.0,1.0,0.49402499198913574,379,28.710428779487717,29.246076837927102,0.17431616994773194,379,30.062885816752086,33.67854850832373,12.570125659696435
event_59,1,haedat_event,False,2025-02-25,-16.994,-142.251,FRENCH POLYNESIA,,59,14626,,not_applicable,Event Date,2025-02-25,0.0,1.0,0.49402499198913574,559,29.013125899732646,29.112698744237424,0.00476870584941832,559,35.99184306225138,36.136051481589675,0.005126922020299563
non_event_81_1,0,synthetic_non_event,True,2003-08-26,70.77,20.75,NORWAY,,,,event_81,same_location_and_month_outside_spatiotemporal_exclusion,synthetic,2003-08-26,0.0,1.0,0.49402499198913574,558,11.862053392274726,12.778240310400724,0.38392794508252376,558,34.26064750960758,34.821619279682636,0.3877180648705491
non_event_5_1,0,synthetic_non_event,True,2018-04-23,59.79,10.53,NORWAY,Region 12 (EUR),,,event_5,same_location_and_month_outside_spatiotemporal_exclusion,synthetic,2018-04-23,0.0,1.0,0.49402499198913574,114,6.420839015590517,7.1991760130971665,0.13404436638290282,114,26.012331059839774,26.924268293660134,0.6051719124888046
event_12,1,haedat_event,False,2026-04-27,59.808094,5.093005,NORWAY,Region 12 (EUR),12,14820,,not_applicable,Event Date,2026-04-27,0.0,1.0,0.49402499198913574,407,6.6975471874749335,6.975890390574932,0.021943263898662586,407,32.2881368404204,33.27387307304889,0.2561118923171206
event_50,1,haedat_event,False,2025-03-01,-9.276,-139.746,FRENCH POLYNESIA,,50,14628,,not_applicable,Event Date,2025-03-01,0.0,1.0,0.49402499198913574,575,28.55601947704087,28.858613841980695,0.02786349824753141,575,35.431506480049826,35.55909906048328,0.005923874357039189
non_event_88_1,0,synthetic_non_event,True,2021-03-28,63.601111,8.989722,NORWAY,,,,event_88,same_location_and_month_outside_spatiotemporal_exclusion,synthetic,2021-03-28,0.0,1.0,0.49402499198913574,344,6.32815844873183,7.657502987980842,0.9770334234488721,344,33.98639687504836,35.07339698262513,0.6635218643171037
non_event_36_1,0,synthetic_non_event,True,2026-05-27,-24.15,-149.06,FRENCH POLYNESIA,,,,event_36,same_location_and_month_outside_spatiotemporal_exclusion,synthetic,2026-05-27,0.0,1.0,0.49402499198913574,576,25.162032935768366,25.643696397542953,0.05632862846637613,576,35.72416180977598,35.78333380864933,0.0014604286208241527
non_event_48_1,0,synthetic_non_event,True,2001-03-23,-9.276,-139.746,FRENCH POLYNESIA,,,,event_48,same_location_and_month_outside_spatiotemporal_exclusion,synthetic,2001-03-23,0.0,1.0,0.49402499198913574,575,28.69462977014158,28.966722609847785,0.0469959795334415,575,35.41699824603679,35.511795370839536,0.004844822164255136
non_event_30_1,0,synthetic_non_event,True,2001-03-04,1.0,1.0,COLOMBIA,,,,event_30,same_location_and_month_outside_spatiotemporal_exclusion,synthetic,2001-03-04,0.0,1.0,0.49402499198913574,625,28.731265229165555,29.020703749358653,0.025995655507847267,625,34.62168153762818,34.8686177842319,0.023412123710947117
event_52,1,haedat_event,False,2025-02-18,-16.994,-142.251,FRENCH POLYNESIA,,52,14622,,not_applicable,Event Date,2025-02-18,0.0,1.0,0.49402499198913574,559,28.97534278395031,29.08479261919856,0.004819299378119419,559,35.92452763801371,36.01397744379938,0.0033326802293719184
event_80,1,haedat_event,False,2025-03-17,63.18,6.59,NORWAY,,80,14609,,not_applicable,Start Date,2025-03-17,0.0,1.0,0.49402499198913574,462,6.8914960106568675,8.592211687937379,1.0649777964963116,462,34.35315355392439,35.20294805523008,0.29840493421446773
non_event_32_1,0,synthetic_non_event,True,1996-02-17,-9.276,-139.746,FRENCH POLYNESIA,,,,event_32,same_location_and_month_outside_spatiotemporal_exclusion,synthetic,1996-02-17,0.0,1.0,0.49402499198913574,575,27.80145543465148,27.998944053053854,0.022235530579363182,575,35.70897015281346,35.817438242956996,0.004158307796231193
event_3,1,haedat_event,False,2026-04-20,62.50362,6.47496,NORWAY,Region 12 (EUR),3,14821,,not_applicable,Start Date,2026-04-20,0.0,1.0,0.49402499198913574,289,7.460264121269272,8.287258534133434,0.20231884087631077,289,33.963146280967806,34.70656449906528,0.2637082051190469
non_event_75_1,0,synthetic_non_event,True,2001-07-21,67.45,13.42,NORWAY,,,,event_75,same_location_and_month_outside_spatiotemporal_exclusion,synthetic,2001-07-21,0.0,1.0,0.49402499198913574,447,10.138918831494431,11.198284868896007,0.6797155854829854,447,33.52564087625118,34.216895014978945,0.18741761019439174
event_89,1,haedat_event,False,2025-06-09,58.424444,8.756944,NORWAY,,89,14680,,not_applicable,Start Date,2025-06-09,0.0,1.0,0.49402499198913574,313,12.724100981657497,13.546061593294143,0.24780425798471745,313,29.359352106627185,33.49986263550818,3.2370749912689223
event_14,1,haedat_event,False,2026-06-01,61.88,4.26,NORWAY,Region 12 (EUR),14,14815,,not_applicable,Start Date,2026-06-01,0.0,1.0,0.49402499198913574,544,9.985752803150236,10.718753633648157,0.11177603171114116,544,33.22113944493193,35.137409556191415,0.7601500471107157
event_78,1,haedat_event,False,2025-03-24,59.02,10.42,NORWAY,,78,14610,,not_applicable,Start Date,2025-03-24,0.0,1.0,0.49402499198913574,326,5.0586142760524355,5.920255148783326,0.28079705179598535,326,28.499649197828777,33.58180483337492,14.671438434374924
event_74,1,haedat_event,False,2025-03-17,58.424444,8.756944,NORWAY,,74,14615,,not_applicable,Start Date,2025-03-17,0.0,1.0,0.49402499198913574,313,4.937259419657551,6.699612428247928,0.9693669671766639,313,32.121803729048075,34.90829184651375,4.311076462060221
event_37,1,haedat_event,False,2025-05-01,-16.994,-142.251,FRENCH POLYNESIA,,37,14649,,not_applicable,Event Date,2025-05-01,0.0,1.0,0.49402499198913574,559,28.735995996017042,28.817450476437806,0.00304637343430443,559,36.31100443296788,36.402478069067,0.0038564872413957988
non_event_52_1,0,synthetic_non_event,True,2003-02-18,-16.994,-142.251,FRENCH POLYNESIA,,,,event_52,same_location_and_month_outside_spatiotemporal_exclusion,synthetic,2003-02-18,0.0,1.0,0.49402499198913574,559,28.41689402447457,28.60789818316698,0.011827761833154942,559,35.964029726583995,36.12186037469655,0.007935894610696926
non_event_86_1,0,synthetic_non_event,True,1998-06-27,59.02,10.42,NORWAY,,,,event_86,same_location_and_month_outside_spatiotemporal_exclusion,synthetic,1998-06-27,0.0,1.0,0.49402499198913574,326,14.92938766393102,15.899441516026855,0.258081860551186,326,29.009603193041187,31.847209052648395,7.784487798850055
non_event_29_1,0,synthetic_non_event,True,1994-03-05,-34.68,135.63,AUSTRALIA,Region 5 (ANZ),,,event_29,same_location_and_month_outside_spatiotemporal_exclusion,synthetic,1994-03-05,0.0,1.0,0.49402499198913574,416,18.454597850580914,20.176915800198913,0.8804201407050484,416,35.83057514076175,36.766029812861234,0.34233048015040046
event_36,1,haedat_event,False,2025-05-02,-24.15,-149.06,FRENCH POLYNESIA,,36,14651,,not_applicable,Event Date,2025-05-02,0.0,1.0,0.49402499198913574,576,25.066984309698455,25.43348490446806,0.11754933287838555,576,35.93139891381725,36.02862632833421,0.0031491816809382286
non_event_101_1,0,synthetic_non_event,True,2002-01-10,11.2242,125.5655,PHILIPPINES,,,,event_101,same_location_and_month_outside_spatiotemporal_exclusion,synthetic,2002-01-10,0.0,1.0,0.49402499198913574,391,27.13741617863212,27.603350926190615,0.16033291537171948,391,34.225446832082845,34.47828604839742,0.01939533790712147
non_event_24_1,0,synthetic_non_event,True,2020-02-01,16.357,119.9323,PHILIPPINES,HANA,,,event_24,same_location_and_month_outside_spatiotemporal_exclusion,synthetic,2020-02-01,0.0,1.0,0.49402499198913574,366,26.778944924718044,27.838282411918044,0.3169409308792588,366,33.44998321702062,33.770638110581785,0.02647535323560579
event_41,1,haedat_event,False,2025-04-20,-23.158,-134.942,FRENCH POLYNESIA,,41,14645,,not_applicable,Event Date,2025-04-20,0.0,1.0,0.49402499198913574,576,27.02822580083739,27.38673054613173,0.0658184168978572,576,36.12821680799243,36.26705218339339,0.0129208292428637
event_39,1,haedat_event,False,2025-04-26,-9.276,-139.746,FRENCH POLYNESIA,,39,14647,,not_applicable,Event Date,2025-04-26,0.0,1.0,0.49402499198913574,575,28.92803872723942,29.023194059729576,0.0027822529268955597,575,35.30528457875809,35.51026944536716,0.014486875138357178
non_event_39_1,0,synthetic_non_event,True,2026-04-20,-9.276,-139.746,FRENCH POLYNESIA,,,,event_39,same_location_and_month_outside_spatiotemporal_exclusion,synthetic,2026-04-20,0.0,1.0,0.49402499198913574,575,28.492036970840847,28.683559671789407,0.013027835988052728,575,35.557224162489824,35.7010101294145,0.009497211452801822
non_event_91_1,0,synthetic_non_event,True,1993-03-24,58.424444,8.756944,NORWAY,,,,event_91,same_location_and_month_outside_spatiotemporal_exclusion,synthetic,1993-03-24,0.0,1.0,0.49402499198913574,313,4.425947827224533,5.749632266163826,0.41828814373424084,313,31.6607743547783,35.10422067716718,2.972818582369285
non_event_80_1,0,synthetic_non_event,True,2011-03-12,63.18,6.59,NORWAY,,,,event_80,same_location_and_month_outside_spatiotemporal_exclusion,synthetic,2011-03-12,0.0,1.0,0.49402499198913574,462,6.213168631706919,7.804980633035302,1.6053703446154448,462,34.55572511468615,35.28244877234101,0.44124441110587226
non_event_67_1,0,synthetic_non_event,True,2011-05-15,-23.158,-134.942,FRENCH POLYNESIA,,,,event_67,same_location_and_month_outside_spatiotemporal_exclusion,synthetic,2011-05-15,0.0,1.0,0.49402499198913574,576,25.734829753171653,25.955900749191642,0.0249936306350756,576,36.4856039188453,36.68172243051231,0.01598180649175415
non_event_98_1,0,synthetic_non_event,True,2018-01-06,7.6021,123.0579,PHILIPPINES,,,,event_98,same_location_and_month_outside_spatiotemporal_exclusion,synthetic,2018-01-06,0.0,1.0,0.49402499198913574,379,29.102846886245118,29.51400493606925,0.07365408960230375,379,31.76508587760492,33.64452037028968,1.2596650586034306
non_event_77_1,0,synthetic_non_event,True,2013-03-29,66.050556,12.955278,NORWAY,,,,event_77,same_location_and_month_outside_spatiotemporal_exclusion,synthetic,2013-03-29,0.0,1.0,0.49402499198913574,213,2.530232469380741,4.796136371791362,2.201407056764771,213,33.602648402210065,34.242683155462146,0.19843716910200587
event_92,1,haedat_event,False,2025-06-02,65.03,10.52,NORWAY,,92,14682,,not_applicable,Start Date,2025-06-02,0.0,1.0,0.49402499198913574,467,8.96886328952407,9.314145340025425,0.047541527500029115,467,34.28321591841667,35.04455699119717,0.2982259430060322
event_60,1,haedat_event,False,2025-02-26,-16.994,-142.251,FRENCH POLYNESIA,,60,14627,,not_applicable,Event Date,2025-02-26,0.0,1.0,0.49402499198913574,559,29.01229256426179,29.098709059506653,0.004517462548524998,559,36.00095220948095,36.1828973935917,0.005680038493258071
non_event_40_1,0,synthetic_non_event,True,2006-04-13,-24.15,-149.06,FRENCH POLYNESIA,,,,event_40,same_location_and_month_outside_spatiotemporal_exclusion,synthetic,2006-04-13,0.0,1.0,0.49402499198913574,576,28.00088503025472,28.354838702827692,0.06541600907904185,576,35.33760726932087,35.47471538186073,0.0039997994413955885
non_event_53_1,0,synthetic_non_event,True,1997-02-17,-16.994,-142.251,FRENCH POLYNESIA,,,,event_53,same_location_and_month_outside_spatiotemporal_exclusion,synthetic,1997-02-17,0.0,1.0,0.49402499198913574,559,27.86764602235157,28.016376225650312,0.008583728446317808,559,35.86253793935136,36.04235965758562,0.0077271396132134774
event_51,1,haedat_event,False,2025-02-21,-16.994,-142.251,FRENCH POLYNESIA,,51,14623,,not_applicable,Event Date,2025-02-21,0.0,1.0,0.49402499198913574,559,29.015057246405664,29.11409038826823,0.00582159176612466,559,35.95213078358919,36.05151521041989,0.003273154968065386
event_61,1,haedat_event,False,2025-01-07,-16.994,-142.251,FRENCH POLYNESIA,,61,14346,,not_applicable,Event Date,2025-01-07,0.0,1.0,0.49402499198913574,559,28.53597058776986,28.761052270978688,0.029535263627543183,559,36.03710217554662,36.131015927530825,0.0019733834110705136
non_event_0_1,0,synthetic_non_event,True,1996-05-24,58.27608,5.54725,NORWAY,Region 12 (EUR),,,event_0,same_location_and_month_outside_spatiotemporal_exclusion,synthetic,1996-05-24,0.0,1.0,0.49402499198913574,472,8.029044322369588,8.339884651824832,0.05295976468617866,472,32.63678173070884,34.42190310219303,1.632346867565613
event_46,1,haedat_event,False,2025-04-02,-23.158,-134.942,FRENCH POLYNESIA,,46,14640,,not_applicable,Event Date,2025-04-02,0.0,1.0,0.49402499198913574,576,27.417808561585844,27.725669112056494,0.04994846740285179,576,35.98368040547939,36.163289251271635,0.01732292480714179
event_63,1,haedat_event,False,2025-03-15,-9.276,-139.746,FRENCH POLYNESIA,,63,14632,,not_applicable,Event Date,2025-03-15,0.0,1.0,0.49402499198913574,575,28.755876119473704,28.91742911338806,0.013362775159029854,575,35.45485181288551,35.48234500922263,0.00046027080666163385
non_event_1_1,0,synthetic_non_event,True,2015-04-14,60.517717,4.890717,NORWAY,Region 12 (EUR),,,event_1,same_location_and_month_outside_spatiotemporal_exclusion,synthetic,2015-04-14,0.0,1.0,0.49402499198913574,407,6.269941928821641,6.7168981119990345,0.08084910585283016,407,33.244423461272504,33.94344917032868,0.18633779488103788
non_event_87_1,0,synthetic_non_event,True,1996-08-24,57.93,5.93,NORWAY,,,,event_87,same_location_and_month_outside_spatiotemporal_exclusion,synthetic,1996-08-24,0.0,1.0,0.49402499198913574,449,16.458477125169175,17.44808496683836,0.2629764768943134,449,32.43772266909713,34.47706530801952,6.501310075778633
