record_id,matched_positive_record_id,observation_date,latitude,longitude,country,region
non_event_0_1,event_0,1996-05-24,58.27608,5.54725,NORWAY,Region 12 (EUR)
non_event_1_1,event_1,2015-04-14,60.517717,4.890717,NORWAY,Region 12 (EUR)
non_event_2_1,event_2,2007-04-26,58.424515,8.756882,NORWAY,Region 12 (EUR)
non_event_3_1,event_3,1995-04-21,62.50362,6.47496,NORWAY,Region 12 (EUR)
non_event_4_1,event_4,1999-04-03,59.15,10.69,NORWAY,Region 12 (EUR)
non_event_5_1,event_5,2018-04-23,59.79,10.53,NORWAY,Region 12 (EUR)
non_event_6_1,event_6,1999-05-29,58.424515,8.756882,NORWAY,Region 12 (EUR)
non_event_7_1,event_7,2006-04-25,59.256572,10.49964,NORWAY,Region 12 (EUR)
non_event_8_1,event_8,2011-04-14,59.24973,10.73148,NORWAY,Region 12 (EUR)
non_event_9_1,event_9,1996-03-18,58.29705,6.66069,NORWAY,Region 12 (EUR)
non_event_10_1,event_10,2002-04-19,58.4245,8.7568,NORWAY,Region 12 (EUR)
non_event_11_1,event_11,1998-04-23,59.02,10.42,NORWAY,Region 12 (EUR)
non_event_12_1,event_12,2016-04-11,59.808094,5.093005,NORWAY,Region 12 (EUR)
non_event_14_1,event_14,1995-06-30,61.88,4.26,NORWAY,Region 12 (EUR)
non_event_15_1,event_15,2005-01-15,11.2242,125.5655,PHILIPPINES,
non_event_16_1,event_16,2009-02-02,7.6021,123.0579,PHILIPPINES,
non_event_17_1,event_17,2011-01-05,16.357,119.9323,PHILIPPINES,HANA
non_event_18_1,event_18,2018-01-22,7.6021,123.0579,PHILIPPINES,
non_event_19_1,event_19,2020-01-06,7.6021,123.0579,PHILIPPINES,
non_event_20_1,event_20,2008-01-05,16.357,119.9323,PHILIPPINES,HANA
non_event_21_1,event_21,2014-01-22,11.2242,125.5655,PHILIPPINES,
non_event_22_1,event_22,2007-02-23,11.2242,125.5655,PHILIPPINES,
non_event_23_1,event_23,2001-02-20,11.2242,125.5655,PHILIPPINES,
non_event_24_1,event_24,2020-02-01,16.357,119.9323,PHILIPPINES,HANA
non_event_25_1,event_25,2009-02-20,11.2242,125.5655,PHILIPPINES,
non_event_26_1,event_26,2002-02-22,7.6021,123.0579,PHILIPPINES,
non_event_27_1,event_27,2011-02-13,7.6021,123.0579,PHILIPPINES,
non_event_28_1,event_28,2010-02-16,16.357,119.9323,PHILIPPINES,HANA
non_event_29_1,event_29,1994-03-05,-34.68,135.63,AUSTRALIA,Region 5 (ANZ)
non_event_30_1,event_30,2001-03-04,1.0,1.0,COLOMBIA,
non_event_31_1,event_31,1995-03-24,-24.15,-149.06,FRENCH POLYNESIA,
non_event_32_1,event_32,1996-02-17,-9.276,-139.746,FRENCH POLYNESIA,
non_event_33_1,event_33,2020-01-10,-23.158,-134.942,FRENCH POLYNESIA,
non_event_34_1,event_34,2026-01-07,-16.994,-142.251,FRENCH POLYNESIA,
non_event_35_1,event_35,2002-05-13,-23.158,-134.942,FRENCH POLYNESIA,
non_event_36_1,event_36,2026-05-27,-24.15,-149.06,FRENCH POLYNESIA,
non_event_37_1,event_37,1994-05-08,-16.994,-142.251,FRENCH POLYNESIA,
non_event_38_1,event_38,1997-04-17,-9.276,-139.746,FRENCH POLYNESIA,
non_event_39_1,event_39,2026-04-20,-9.276,-139.746,FRENCH POLYNESIA,
non_event_40_1,event_40,2006-04-13,-24.15,-149.06,FRENCH POLYNESIA,
non_event_41_1,event_41,2003-04-06,-23.158,-134.942,FRENCH POLYNESIA,
non_event_42_1,event_42,1996-04-03,-16.994,-142.251,FRENCH POLYNESIA,
non_event_43_1,event_43,1998-04-12,-17.178,-150.244,FRENCH POLYNESIA,
non_event_44_1,event_44,2001-04-10,-23.158,-134.942,FRENCH POLYNESIA,
non_event_46_1,event_46,2016-04-19,-23.158,-134.942,FRENCH POLYNESIA,
non_event_47_1,event_47,2001-03-25,-16.994,-142.251,FRENCH POLYNESIA,
non_event_48_1,event_48,2001-03-23,-9.276,-139.746,FRENCH POLYNESIA,
non_event_49_1,event_49,1995-03-03,-16.994,-142.251,FRENCH POLYNESIA,
non_event_50_1,event_50,1997-03-15,-9.276,-139.746,FRENCH POLYNESIA,
non_event_51_1,event_51,1993-02-22,-16.994,-142.251,FRENCH POLYNESIA,
non_event_52_1,event_52,2003-02-18,-16.994,-142.251,FRENCH POLYNESIA,
non_event_53_1,event_53,1997-02-17,-16.994,-142.251,FRENCH POLYNESIA,
non_event_54_1,event_54,1996-02-19,-17.178,-150.244,FRENCH POLYNESIA,
non_event_55_1,event_55,1999-05-16,-17.178,-150.244,FRENCH POLYNESIA,
non_event_57_1,event_57,1999-03-11,-23.158,-134.942,FRENCH POLYNESIA,
non_event_58_1,event_58,2015-02-05,-17.178,-150.244,FRENCH POLYNESIA,
non_event_59_1,event_59,1998-02-17,-16.994,-142.251,FRENCH POLYNESIA,
non_event_60_1,event_60,2003-02-26,-16.994,-142.251,FRENCH POLYNESIA,
non_event_61_1,event_61,2026-01-19,-16.994,-142.251,FRENCH POLYNESIA,
non_event_62_1,event_62,2003-03-01,-16.994,-142.251,FRENCH POLYNESIA,
non_event_63_1,event_63,1998-03-30,-9.276,-139.746,FRENCH POLYNESIA,
non_event_64_1,event_64,1995-03-03,-9.276,-139.746,FRENCH POLYNESIA,
non_event_65_1,event_65,2002-03-16,-9.276,-139.746,FRENCH POLYNESIA,
non_event_66_1,event_66,1998-03-18,-16.994,-142.251,FRENCH POLYNESIA,
non_event_67_1,event_67,2011-05-15,-23.158,-134.942,FRENCH POLYNESIA,
non_event_68_1,event_68,2002-01-01,-9.276,-139.746,FRENCH POLYNESIA,
non_event_69_1,event_69,2005-05-26,-23.158,-134.942,FRENCH POLYNESIA,
non_event_70_1,event_70,1993-03-28,-9.276,-139.746,FRENCH POLYNESIA,
non_event_72_1,event_72,2011-01-05,52.05,-6.17,IRELAND,ICES: NEA
non_event_73_1,event_73,2003-06-17,57.93,5.93,NORWAY,
non_event_74_1,event_74,1997-03-09,58.424444,8.756944,NORWAY,
non_event_75_1,event_75,2001-07-21,67.45,13.42,NORWAY,
non_event_76_1,event_76,2003-06-04,61.88,4.26,NORWAY,
non_event_77_1,event_77,2013-03-29,66.050556,12.955278,NORWAY,
non_event_78_1,event_78,2001-03-02,59.02,10.42,NORWAY,
non_event_79_1,event_79,1997-03-18,59.808056,5.093056,NORWAY,
non_event_80_1,event_80,2011-03-12,63.18,6.59,NORWAY,
non_event_81_1,event_81,2003-08-26,70.77,20.75,NORWAY,
non_event_82_1,event_82,2008-03-26,62.733333,7.098611,NORWAY,
non_event_83_1,event_83,1999-06-29,58.857222,9.436111,NORWAY,
non_event_84_1,event_84,1999-07-06,70.77,20.75,NORWAY,
non_event_85_1,event_85,2011-04-02,61.88,4.26,NORWAY,
non_event_86_1,event_86,1998-06-27,59.02,10.42,NORWAY,
non_event_87_1,event_87,1996-08-24,57.93,5.93,NORWAY,
non_event_88_1,event_88,2021-03-28,63.601111,8.989722,NORWAY,
non_event_89_1,event_89,2000-06-27,58.424444,8.756944,NORWAY,
non_event_90_1,event_90,1996-03-17,60.12,4.45,NORWAY,
non_event_91_1,event_91,1993-03-24,58.424444,8.756944,NORWAY,
non_event_92_1,event_92,2018-06-23,65.03,10.52,NORWAY,
non_event_93_1,event_93,2005-03-09,62.503611,6.475,NORWAY,
non_event_94_1,event_94,1993-06-29,58.730278,9.216667,NORWAY,
non_event_95_1,event_95,1994-06-04,67.45,13.42,NORWAY,
non_event_96_1,event_96,1995-06-25,60.12,4.45,NORWAY,
non_event_98_1,event_98,2018-01-06,7.6021,123.0579,PHILIPPINES,
non_event_99_1,event_99,2005-02-17,12.1951,123.4534,PHILIPPINES,
non_event_100_1,event_100,2017-02-25,11.2242,125.5655,PHILIPPINES,
non_event_101_1,event_101,2002-01-10,11.2242,125.5655,PHILIPPINES,
